1.09,0.95,0.78,0.65,0.61,1.01672650561,0.982165271494,0.899480790453,0.742377492779,0.655201809865,0.455971926408,0.499162896541,0.516728075306,0.460684325188,0.398454998228,0.792927239903,0.79977153487,0.806693441236,0.736639294974,0.666257811714,1.0,1.0,0.4,0.0
-0.74,0.13,0.04,0.02,0.11,-0.795588711084,0.130896736961,0.045125289935,0.0212706412582,0.11275571752,0.617622372529,1.03445199952,0.946184054316,0.927596357777,1.05158798581,0.302722732655,0.380780589841,0.392161404532,0.372301451985,0.386992203072,0.0,0.0,0.4,0.0
0.17,0.07,0.03,0.01,0.23,0.170333871799,0.0723176048459,0.0248516109222,0.0116812319211,0.239139440129,0.834664164598,0.898761526293,0.95611298618,0.951466712252,1.10224352303,0.40318548774,0.407036279692,0.38414558349,0.403934634557,0.387429696694,0.0,0.0,0.4,0.0
0.62,0.53,0.32,0.38,0.19,0.614140496871,0.552787946665,0.348898961993,0.408269108868,0.206006397912,0.222257015254,0.230205872322,0.219955475686,0.211289775237,0.178065666131,0.553059155547,0.538393060451,0.521420486549,0.501136511582,0.471549451191,1.0,1.0,0.4,0.0
0.22,0.28,0.27,0.26,0.24,0.14844208475,0.242401106839,0.247165349249,0.264773641333,0.274853917984,0.195472689425,0.222026432418,0.173910237464,0.15408440363,0.185999886457,0.326650371486,0.309888342875,0.404510612444,0.405988071955,0.439243233128,0.0,0.0,0.4,0.0
1.31,1.09,0.97,0.82,0.78,0.987319911028,0.910508162916,0.895315257002,0.814608188846,0.792597232022,0.245146046652,0.249874647296,0.249309098766,0.243209279895,0.24372210286,0.807261555551,0.817954417673,0.824503676919,0.827088069148,0.81874793538,1.0,1.0,0.4,0.0
-0.13,0.01,0.03,0.04,0.08,-0.228129491757,0.0193245317469,0.0285120787078,0.040172918898,0.0997907027293,0.155252084837,0.287382980135,0.429579635354,0.579265604412,0.860894024481,0.326383944047,0.184793668445,0.217461438918,0.206184126349,0.261821857439,0.0,1.0,0.6,0.0
0.95,0.75,0.75,0.42,0.09,0.459949368386,0.387476418253,0.404193105865,0.22847493869,0.0498593774884,0.430070350379,0.460775202685,0.514198240821,0.521551369224,0.524524071455,0.320087900523,0.306504933865,0.284486265192,0.252735993863,0.228646908292,0.0,1.0,0.6,0.0
0.57,0.52,0.51,0.46,0.52,0.7725007619,0.746476894742,0.694839612684,0.671421613953,0.847743914506,0.199906100966,0.202868603695,0.190945475524,0.196089520529,0.219310310707,0.733629856598,0.732688832545,0.646866825754,0.645855537596,0.649175737186,1.0,1.0,0.4,2.0
1.77,2.02,1.74,1.87,1.48,0.0934522548703,0.0971091385527,0.0927144477523,0.0859468283406,0.0741228579863,0.0291219853074,0.0296414830625,0.0270376280982,0.0267163792412,0.0269614096368,0.0585904016819,0.0551401253384,0.05143302,0.0501878060991,0.0513849400918,1.0,1.0,0.8,0.0
1.3,1.31,1.49,1.34,1.05,0.101999961068,0.110945183426,0.13104540622,0.116945791735,0.125254366855,0.0341596234909,0.0337395794314,0.0359201663872,0.0321017957342,0.0369518326975,0.0685256314968,0.0617055063639,0.0633210485368,0.0524732090681,0.060164266257,1.0,1.0,0.8,0.0
0.1,0.19,0.26,0.26,0.19,0.16571020503,0.325959285692,0.504710636806,0.569248150939,0.460873284059,0.235418620458,0.28943540283,0.312521438448,0.347329672485,0.341536033323,0.604723407642,0.625789903694,0.654882049985,0.653593139203,0.654290859438,0.0,1.0,0.4,0.0
0.29,0.3,0.23,0.22,0.21,0.666137745038,0.717711697665,0.593097158138,0.570505099768,0.567419083275,0.299556990916,0.305248755032,0.317817234354,0.325832901947,0.26158433035,0.681567490647,0.63881755843,0.630259891423,0.61523456313,0.616684548937,0.0,1.0,0.4,0.0
0.06,0.35,0.35,0.6,0.42,0.0432622764243,0.253325438967,0.256695310867,0.484535399541,0.318562006233,0.700986412535,0.82128554717,0.838343678698,0.893424856536,0.96433055423,0.521718698972,0.543203416258,0.52969872193,0.547412007895,0.491000098442,0.0,0.0,0.6,0.0
0.51,0.4,0.18,0.23,0.14,0.24142924493,0.226467444637,0.111629699118,0.16744097353,0.097997359394,0.0957488211092,0.0988229207417,0.0863095406488,0.127907677153,0.0864819866363,0.256113620711,0.19710481642,0.197673313319,0.219835612661,0.209450881008,0.0,1.0,0.4,0.0
0.62,0.62,0.55,0.41,0.22,0.256284001234,0.280003759744,0.336814363686,0.279752046742,0.14657659388,0.327103123709,0.340108335542,0.431679144971,0.476580784383,0.549837529139,0.302959025796,0.302662975922,0.327799972841,0.318289467182,0.281906641196,0.0,1.0,0.4,0.0
0.01,-0.22,0.02,-0.65,0.02,0.0142522201873,-0.297770167961,0.030703269552,-0.721134263328,0.0175768329223,0.731518616951,1.10439107778,1.36689194812,1.37786152717,1.07102145292,0.433833415516,0.248392714819,0.25331836414,0.242641639592,0.241452175175,0.0,0.0,0.4,0.0
0.1,0.09,-0.68,0.02,0.31,0.0569900107709,0.047295529761,-0.390602163607,0.0127444412874,0.203012978393,0.186849696506,0.187585474765,0.19360230908,0.192819732695,0.2382411538,0.387887154836,0.344450071787,0.37748035093,0.421454214376,0.47183885966,0.0,0.0,0.4,0.0
0.84,0.74,0.56,0.2,0.01,0.372305173061,0.31348488388,0.239478169615,0.0861451110963,0.00533700285134,0.343638534138,0.363306363842,0.385519631538,0.361484804597,0.367240318654,0.27049723404,0.228371529047,0.194077995651,0.167981447538,0.159363012973,1.0,1.0,0.6,0.0
0.27,0.41,0.58,0.73,0.83,0.223174782019,0.32679513397,0.485777878049,0.509079422195,0.634456967948,1.39896225493,1.94706924777,2.08278087751,2.23371264144,2.21731458613,0.544388616679,0.445851775704,0.450685363392,0.441444561767,0.450885931899,0.0,1.0,0.8,0.0
0.39,0.18,0.19,0.27,0.52,0.206765100671,0.0934648412995,0.114747646008,0.184428818055,0.392619526536,0.598480536913,0.570978982272,0.594205092494,0.712191390515,0.717213368405,0.266163758389,0.233393253452,0.255605679857,0.277878366808,0.291188302646,0.0,1.0,0.6,0.0
1.71,1.03,0.48,0.38,1.23,0.321368693267,0.236375407645,0.193249967524,0.251467649285,0.848155366206,0.0909149340382,0.0608755613692,0.0593883088251,0.0693967677177,0.16882334669,0.230052271335,0.210854693046,0.329466370989,0.514423803893,0.586660217623,0.0,0.0,0.6,0.0
0.02,0.09,0.38,0.75,1.14,0.0226351650412,0.112556132453,0.454626659228,0.882093780154,1.68572459904,0.381638616745,0.48190739643,0.58445563875,0.726489651171,0.989661783096,0.385947937977,0.392652689398,0.391572027152,0.381832538542,0.404500813928,0.0,0.0,0.4,0.0
0.2,0.22,0.2,0.15,0.16,0.300725072889,0.321432202075,0.283079171803,0.207713872863,0.2211009869,0.140742762921,0.141038838744,0.136647566379,0.122670495668,0.11671470759,0.535943522937,0.510696036939,0.480885831362,0.452121722181,0.439146873975,0.0,1.0,0.4,0.0
0.3,0.23,0.27,0.21,0.32,0.48256791499,0.314932586563,0.194895155978,0.165428598527,0.309946218516,0.13822232156,0.125400530787,0.0771604066594,0.0808080808081,0.0996205510714,0.459236404928,0.415768708449,0.300956652563,0.317786347716,0.374129511855,1.0,0.0,0.2,0.0
2.29,2.22,2.3,2.1,1.67,0.105381245368,0.118159384035,0.128829331946,0.132834773822,0.129264310792,0.0367985040305,0.0350526191881,0.033015644113,0.0332628273007,0.034403576996,0.0660747860539,0.066583133076,0.0662175247031,0.0588304331382,0.0590381796448,1.0,1.0,0.8,0.0
0.59,0.54,0.36,0.28,0.26,0.47981490938,0.544067298853,0.365150625239,0.285201914133,0.250813362441,0.18315569807,0.235898014764,0.218034903263,0.211176961363,0.170708518066,0.822566335075,0.602162685449,0.560557335675,0.528548001956,0.478509871436,1.0,1.0,0.4,0.0
0.74,0.56,0.49,0.34,0.33,0.192589289295,0.162777179605,0.11926130638,0.231757797459,0.350814979522,0.552765851877,0.610975588819,0.52246080701,0.573215489026,0.884762342898,0.289231171924,0.30355461919,0.284932400262,0.320153061224,0.480930565406,1.0,1.0,0.4,0.0
0.34,0.3,0.49,0.65,0.5,0.186238482274,0.171207940945,0.115871467882,0.196596051014,0.179536204005,0.559045738071,0.516965260282,0.574407975008,0.725988921033,0.787732983004,0.170911551164,0.159189000894,0.163900792228,0.134393199091,0.18098248742,1.0,1.0,0.4,0.0
1.15,1.14,1.51,1.18,1.1,0.305759407597,0.333555661489,0.342331808392,0.335958767461,0.334895490116,0.305642973386,0.298159499072,0.294182204197,0.274340640164,0.241193363142,0.240545799602,0.221104092774,0.220275246348,0.218098582538,0.215698806505,1.0,1.0,0.6,0.0
0.16,0.19,0.16,0.11,0.07,0.056419317454,0.072775748309,0.0647926296161,0.045684898152,0.0307999245841,0.450251583978,0.527431751054,0.571598645713,0.494378597434,0.470026826304,0.380365682934,0.42097893721,0.417088685553,0.409436336856,0.454961503093,0.0,1.0,0.6,2.0
-0.75,0.24,0.06,0.07,0.33,-1.11767902438,0.225426329225,0.0548773647844,0.0606741263804,0.341934805116,0.398975178398,0.187038358201,0.189008586335,0.160920866416,0.216677466328,0.221615967865,0.213430952156,0.180463579417,0.225934907629,0.296372987617,0.0,0.0,0.2,0.0
0.66,0.17,0.06,0.03,0.04,0.623967005137,0.299951563083,0.0904166165727,0.0423581253934,0.0562382383762,0.244708997589,0.31889754401,0.213888162036,0.110700365653,0.145244043497,0.261683321611,0.348110563218,0.286391185352,0.265540241893,0.282957021803,0.0,1.0,0.2,0.0
0.62,0.44,0.31,0.51,0.54,0.732750185176,0.609726957485,0.428634872,0.7101559911,0.855529056523,0.412370470011,0.434160911502,0.385711773525,0.544847441178,0.534845114269,0.745567553775,0.655846956319,0.613081098159,0.569175188183,0.583291580656,0.0,1.0,0.2,0.0
0.19,0.12,0.2,0.15,0.18,0.302936909442,0.209391224967,0.381610603211,0.295843879535,0.393280028394,0.615059647751,0.603045097768,0.668982109269,0.633093063351,0.58051444853,0.534619750284,0.552869450399,0.589685490573,0.591238399178,0.602559425805,0.0,1.0,0.2,0.0
0.61,0.56,1.06,1.12,0.87,0.380269199278,0.387351956755,0.379055359924,0.426220848333,0.436348300026,1.27304498186,1.25724075975,1.15941778573,1.21074307403,1.17904879315,0.373738805282,0.385932600281,0.302812716958,0.281680427297,0.310243641318,1.0,1.0,0.4,0.0
0.28,0.32,0.28,0.13,0.29,0.110678809596,0.136345404511,0.182820450691,0.170149098962,0.259068340567,2.29608468682,2.32696012751,2.68069496608,4.34864418455,4.95257492126,0.34458947875,0.261624467724,0.156505179307,0.251059543296,0.229280808423,0.0,1.0,0.4,0.0
0.16,0.26,0.23,0.3,0.27,0.302540578207,0.427130220994,0.40110014128,0.532113928815,0.550246115957,0.312312032848,0.309158171046,0.409047463795,0.39643379944,0.402560381633,0.863733036142,0.863482387955,0.701468248329,0.679588450975,0.735965896053,0.0,1.0,0.2,0.0
1.14,1.07,1.21,1.23,1.95,0.711609018934,0.676232833837,0.796733096325,0.878378378378,1.04621294661,1.44302510549,1.40106947997,1.43351656731,1.38356703281,1.45706337905,0.584385688857,0.537333748078,0.511845948559,0.492108533282,0.453398378778,1.0,1.0,0.4,0.0
1.33,0.01,0.01,0.01,0.04,0.320431427799,0.0356174456547,0.0310648503172,0.0295062049813,0.12378961674,0.126447058307,2.70970632842,2.12776640796,1.88180739969,2.22593082258,0.187633683138,0.355841261087,0.29198028652,0.342254621192,0.433684661462,1.0,1.0,0.6,0.0
0.91,0.95,1.52,1.07,0.93,0.851540168824,0.818681733718,1.34346666831,0.944117570228,0.870499607535,0.661899676805,0.646739081172,1.05456786999,1.07399616151,1.0504215094,0.828779960609,0.858756968259,0.823375384976,0.723247748461,0.714714734481,0.0,1.0,0.2,0.0
0.07,0.12,0.01,-0.1,0.14,0.146743116924,0.246586500685,0.0326403292975,-0.258973916964,0.239452870257,0.468137814665,0.56580919509,0.574511600984,0.477230384682,0.582982644869,0.492967131584,0.505939769924,0.410406315823,0.426496426346,0.487199638814,0.0,0.0,0.2,0.0
1.1,1.18,0.83,0.74,0.71,0.374521747385,0.299395346896,0.276617538196,0.234769151721,0.243824050589,0.171419866608,0.161319385969,0.226769575991,0.133236891684,0.162447581604,0.418356952518,0.427381972352,0.346192500668,0.341597342859,0.337584490837,0.0,0.0,0.4,0.0
1.6,1.77,1.43,2.31,2.27,1.17296644828,1.09665666254,1.12521816544,1.08530573684,1.50305277179,1.0355594088,1.07995466661,1.36402126986,1.38408206114,2.15417038271,0.429321805466,0.455876340588,0.540645294325,0.512606177836,0.424647617642,1.0,1.0,0.4,0.0
0.15,0.63,1.08,0.71,1.08,0.106817355646,0.379465311969,0.812952990757,0.561567717764,0.849803089067,0.372174393097,0.382168813486,0.523323934199,0.422863519524,0.995239539374,0.438915505938,0.356496916816,0.387253018242,0.340053842478,0.377523321772,0.0,1.0,0.4,0.0
0.58,0.53,0.45,0.45,0.45,0.210221330024,0.218015665547,0.184648432293,0.204495334919,0.233778692862,0.644637454099,0.682604504507,0.693594572752,0.700670478653,0.701792983895,0.220174493772,0.250874020713,0.207776267723,0.214687840687,0.212823628066,1.0,1.0,0.6,0.0
0.05,-0.84,-0.34,0.02,-0.26,0.0921678960973,-1.2518265427,-0.457456466528,0.025686770846,-0.383585846018,0.555655381124,0.540142600637,0.577046898112,0.528149587299,0.644957803957,0.473116055104,0.159483014276,0.267806983414,0.285366013133,0.324022594612,0.0,0.0,0.2,2.0
0.08,-0.42,-0.12,0.03,0.02,0.182490479957,-0.937898311392,-0.3027865371,0.0616434967595,0.040221260557,0.73881969867,0.828924966274,0.748417959114,1.34580715381,1.29418231312,0.575590058684,0.586044564358,0.801177681962,0.782714094889,0.70663781671,0.0,0.0,0.2,0.0
0.05,0.02,-0.38,-0.16,0.08,0.102458829433,0.0431536864444,-0.849328594917,-0.314910744233,0.159610685269,0.416764746134,0.409287441985,0.429042519993,0.431284860681,0.627882787861,0.556165320925,0.501284584567,0.56007713124,0.572218288426,0.626479249775,0.0,0.0,0.2,0.0
0.17,0.16,0.19,0.19,0.42,0.212620419883,0.201541584367,0.279384174826,0.26651677357,0.352440114829,1.59087539793,1.60790103739,1.86648487149,1.49365807635,1.34926349475,0.466115977612,0.504830166107,0.405522568205,0.393147907203,0.462019389148,1.0,1.0,0.2,0.0
0.09,0.09,-0.49,-0.16,0.22,0.117116963162,0.106234495543,-0.478996299866,-0.159055525568,0.214430139658,0.647971244823,1.16403783769,0.875308159394,0.903353303564,0.809810956134,0.584123701944,0.550614726167,0.439507478001,0.490582913631,0.511917010369,0.0,0.0,0.2,2.0
0.45,-0.03,0.14,0.1,-0.06,0.735598477526,-0.142257492441,0.932960793796,0.938455040127,-0.629944503483,0.281463824861,0.0220084461399,0.0244837282611,0.0317787661192,0.0245011217381,0.693667644152,0.315798874699,0.470008776172,0.534499465799,0.524943913095,1.0,0.0,0.2,0.0
0.06,0.03,0.34,0.36,0.78,0.0563190414868,0.027102528522,0.325130886816,0.362236361307,0.2998317922,0.252287370923,0.169749223058,0.24647870534,0.286432433393,0.244009563233,0.285741782206,0.283840711081,0.241116959699,0.290443772511,0.283794686558,0.0,0.0,0.4,0.0
0.03,0.03,0.04,0.04,0.08,0.0280753289417,0.0434457455388,0.0483745773369,0.047466037232,0.0737362219688,0.373877887194,0.506813659733,0.503855425141,0.458549486144,0.371598982545,0.312907605079,0.379965751084,0.389136814856,0.320736025085,0.271183814285,0.0,1.0,0.2,0.0
0.52,0.85,0.83,0.82,0.62,0.360195484638,0.371303362992,0.430389996508,0.516443928836,0.48676252277,0.55388305629,0.579563479996,0.61916182223,0.676366129603,0.586909029619,0.505843218941,0.470759767702,0.523369194015,0.464253821906,0.508715860987,1.0,1.0,0.4,0.0
0.08,0.1,0.15,0.15,0.54,0.20173277164,0.244324102435,0.384706259599,0.393665762199,1.54863573012,0.580351323424,0.562687486185,0.397532614382,0.409403496286,0.353812191905,0.83138860186,0.805369604345,0.842446795943,0.856029536053,0.8591111901,1.0,1.0,0.2,0.0
0.49,0.65,0.55,0.31,0.44,0.355900417599,0.478260972029,0.6488999799,0.523373572065,0.673691636171,1.12125014815,1.15514376816,1.16911979429,1.32264981501,1.26613073106,0.355932951754,0.340695545202,0.417802842114,0.491177185449,0.417133283365,0.0,1.0,0.2,0.0
0.02,0.06,0.06,0.07,0.13,0.0290969843414,0.118761038219,0.129155528903,0.153203392566,0.266918201223,0.191667274022,0.268534007915,0.277462695137,0.300858900106,0.383774062784,0.49227163913,0.508772287731,0.543856739118,0.59692302175,0.539868009635,0.0,1.0,0.2,1.0
0.05,0.03,0.03,-0.03,0.07,0.962711864407,0.320873304664,0.851039654585,-1.43891402715,4.29053177691,0.970423728814,0.499393538428,0.932166799227,0.269457013575,0.0,0.519915254237,0.256808909472,0.359277354846,0.521266968326,0.762645914397,1.0,0.0,0.0,1.0
0.01,0.01,0.02,0.01,-0.23,0.0395245837304,0.0264398090682,0.0525621105041,0.0354082446051,-0.662733210638,0.0772500471441,0.132060286801,0.184498688453,0.220292660707,0.193818339288,0.614203366852,0.6010868578,0.30171921207,0.31819022946,0.317639204648,0.0,1.0,0.2,2.0
0.65,0.58,0.5,0.44,0.34,0.610312366849,0.589857785934,0.550718189374,0.589640181507,0.597647989741,0.753755787186,0.748135429315,0.731591937474,0.776177527144,0.83335106891,0.758053594628,0.667851526414,0.657947094922,0.579687689092,0.656360932618,1.0,1.0,0.4,0.0
0.23,0.28,0.45,0.46,0.22,0.31374855815,0.161077111383,0.303666175885,0.324943042234,0.247612298679,0.904875541216,0.741338229294,1.14541814964,0.978410776977,0.985137567661,0.290418805062,0.165716850265,0.17249228082,0.149095567429,0.181984125227,0.0,1.0,0.2,0.0
0.08,0.16,0.2,0.14,0.22,0.179345978653,0.349416203099,0.440852936199,0.24313118113,0.315653789613,0.349139982324,0.501276330533,0.807327805043,0.660745688334,0.555899001134,0.812074240261,0.783567493022,0.746026270227,0.584515108981,0.459922487638,0.0,1.0,0.2,0.0
0.58,0.52,0.5,0.37,0.47,0.268654443391,0.278048988636,0.26221378167,0.233234771705,0.365709511976,0.533052659146,0.608428395808,0.575889865395,0.483416720657,0.540416696541,0.35111273367,0.354524603861,0.314872684054,0.354294566077,0.418096914627,1.0,1.0,0.4,0.0
0.46,0.11,0.16,0.06,0.07,0.341306711879,0.459235255995,0.737259488525,0.28851718949,0.347814801596,0.537742970757,0.524964355152,0.554107058807,0.618213913647,0.551182635216,0.622033701194,0.595243033052,0.604455791531,0.541338696608,0.567437785925,0.0,1.0,0.2,0.0
0.23,0.21,0.17,0.13,0.46,0.125352316937,0.160452050881,0.16932457755,0.181946157572,0.93931466023,0.141668898704,0.249896068244,0.194870085063,0.161422330579,0.445391285585,0.269671697227,0.330561510181,0.29543145122,0.340064840465,0.432130864564,0.0,1.0,0.4,0.0
0.04,0.03,0.09,0.07,0.06,0.12791830074,0.0961283038916,0.229726545717,0.157649103608,0.167194170756,0.23216557436,0.365395470846,0.383057753877,0.208316971901,0.225439953963,0.656919257056,0.61424159915,0.51022161855,0.453120473784,0.527641473486,0.0,1.0,0.2,2.0
0.09,-2.29,0.38,-0.76,0.26,0.0150856410905,-0.377098588597,0.0902577212678,-0.194761550253,0.0623352732686,0.749390663242,0.795401606267,0.851186457093,0.365149393961,0.373702087262,0.104424718864,0.0990032862768,0.147523885838,0.25575708676,0.310082799713,0.0,0.0,0.4,0.0
-0.55,0.52,0.51,0.64,0.32,-0.941853447909,0.785660366188,0.793208760607,0.974830627153,0.493096646943,0.573773278595,0.615007178698,0.62739728135,0.620582112713,0.550948320472,0.673636433179,0.679837480203,0.655568462432,0.602414745846,0.512670521445,0.0,0.0,0.2,1.0
0.48,0.45,0.37,0.34,0.19,0.373655348758,0.362389225306,0.304763011511,0.266926099556,0.186513337161,0.60573381291,0.575674639534,0.492951295548,0.46386129619,0.525420213577,0.527365755751,0.51432910538,0.49636581285,0.48685083914,0.579089426345,1.0,1.0,0.4,0.0
0.01,0.01,0.0,0.0,0.01,0.0406273132607,0.0520805559999,0.00738034613823,0.00929667786063,0.061948741194,0.614574187884,0.636040455749,0.517306911694,0.416642950652,0.484257842748,0.813596377972,0.834799765371,0.881342484963,0.905515396437,0.900485391051,0.0,0.0,0.0,2.0
0.27,0.3,0.51,0.34,0.68,0.32016358566,0.362130959987,0.642155697027,0.433166715672,0.888145970113,0.455671592445,0.462423666107,0.421319163701,0.35607566402,0.3256051879,0.688734439238,0.682811315989,0.689303772548,0.640266588258,0.622926652435,1.0,1.0,0.2,0.0
-0.14,0.03,0.02,-0.3,0.01,-0.447086249931,0.0809557215123,0.0476114201128,-0.908954083734,0.0340847280192,0.644329645248,0.561063109943,0.499646504537,0.488295881479,0.551002725138,0.376843788333,0.408253635607,0.406685482936,0.418698759872,0.481165932765,0.0,0.0,0.2,0.0
2.7,2.54,2.25,1.88,1.83,0.582329989189,0.674268907121,0.663836336477,0.654210710491,0.63464420121,1.31041436724,1.51854828594,1.51430759397,1.51631500963,1.36459093808,0.412245179971,0.445919870741,0.432854538293,0.457140569288,0.417772938776,1.0,1.0,0.6,2.0
0.4,0.38,0.47,0.03,0.11,0.53462300707,0.548261456195,0.657066365864,0.0297371643752,0.108057537757,0.667205016713,0.737259533611,0.416994143865,0.359400116956,0.512674176098,0.670550477712,0.683297213208,0.598856607104,0.42893630635,0.435401375716,0.0,0.0,0.2,0.0
0.01,-0.02,0.03,0.04,0.08,0.0275506363076,-0.0598403721975,0.0465259061987,0.060932319095,0.125811486349,0.377179423519,0.432775839249,0.262586314128,0.240495416423,0.261173064308,0.453784608485,0.45139373521,0.277417194253,0.262652623366,0.28896830962,0.0,0.0,0.2,0.0
0.06,0.11,0.2,0.24,0.06,0.16154836542,0.27083774043,0.585190574562,0.740488175018,0.247469091511,0.287571577252,0.294954689567,0.359451356918,0.367302151097,0.32863698647,0.623896401155,0.625442954316,0.724766309857,0.713170194047,0.611311914773,0.0,0.0,0.2,0.0
0.8,0.32,0.25,0.27,0.23,0.418758212907,0.318290003139,0.23176117578,0.217409561901,0.261328640563,0.119755606959,0.103563254473,0.113136692363,0.121566331309,0.121798820039,0.293073962967,0.37614489693,0.494735625812,0.503043258481,0.366683587713,1.0,1.0,0.4,0.0
0.13,-0.23,0.0,0.0,-0.06,0.252497196222,-0.378550444988,0.00859541847098,0.0098914213197,-0.151673419782,0.30159736707,0.27331457672,0.306666811737,0.289924556635,0.275050287978,0.330328662118,0.260429996331,0.321795059111,0.389595283891,0.465117774776,0.0,0.0,0.2,1.0
0.09,0.27,0.65,0.62,2.87,0.224053026525,0.37634465241,0.85262244542,0.855745679713,2.36199320551,0.450473013827,0.341669300371,0.45886187017,0.523615754677,0.782817250111,0.681422625283,0.593993983449,0.557346291919,0.562830207815,0.616415296643,0.0,0.0,0.4,0.0
-0.35,0.03,0.01,0.15,0.16,-0.742289795249,0.0604159625732,0.0237567672522,0.297386101322,0.298119871196,0.281779242452,0.185751554069,0.213624897614,0.328209366172,0.214126031406,0.487370690923,0.481368263962,0.387029718802,0.469333672371,0.501610055053,0.0,0.0,0.2,0.0
0.29,0.05,0.06,0.09,0.23,1.0485251925,0.157150487757,0.220912308127,0.361148867519,0.960363215146,1.12093308082,0.416153608276,0.376071994616,0.391369520204,0.959497783163,0.539379231354,0.613570980106,0.705377884887,0.803762655454,0.748731809285,0.0,0.0,0.0,2.0
0.43,0.35,0.36,0.19,0.3,0.693008987211,0.589973746001,0.430616397788,0.23679019128,0.390700612969,0.591388696854,0.588524754795,0.668648803974,0.605204015382,0.674870953866,0.716453508469,0.728746933447,0.475408009477,0.450925186036,0.488735347887,0.0,0.0,0.2,1.0
0.36,0.27,0.2,0.3,0.43,0.232028164264,0.208937153759,0.172456103003,0.283568094834,0.43547595846,0.479507840723,0.548764231818,0.638782619766,0.707403237764,0.748334872787,0.192382567996,0.180302307664,0.190821497801,0.207028162782,0.197347773451,1.0,1.0,0.6,0.0
0.64,0.53,0.39,0.31,0.25,0.477710090525,0.393783302745,0.295731196803,0.260025369872,0.227499922172,0.303382108122,0.359802720221,0.388568655331,0.299010195399,0.285895143186,0.524475782464,0.335034626538,0.334863075321,0.354374721232,0.371025150554,0.0,1.0,0.2,0.0
-2.18,0.06,-0.1,0.04,0.44,-0.637876199362,0.0183274666046,-0.0409317004326,0.0211451981464,0.241625902285,0.238507164651,0.322400765892,0.404107306219,0.46140044466,0.612061534332,0.071640210306,0.154220915174,0.206024999196,0.245318544453,0.267159816262,0.0,0.0,0.4,0.0
0.32,0.3,0.28,0.3,0.33,0.398431209579,0.406028847589,0.38637943016,0.480044432457,0.504611939618,0.566050751929,0.531432341249,0.606927790764,0.756077522571,0.783576244009,0.562057089426,0.563841726799,0.577585444437,0.508428680938,0.487589748931,0.0,1.0,0.2,0.0
0.28,0.13,0.12,0.11,0.06,0.365682137834,0.197440443321,0.182633382083,0.198979035055,0.131469262614,1.01149262141,0.739733193827,0.789053130171,0.840586387942,0.72452209051,0.476044852192,0.478628379884,0.500179647688,0.568884820119,0.62830439267,0.0,0.0,0.2,1.0
1.16,1.22,1.2,0.79,0.43,0.520037797167,0.549152506153,0.519201307541,0.407279179514,0.279197073336,0.680239499806,0.936922345416,0.924133604742,0.808127045436,0.91627772815,0.510116040835,0.435032891808,0.436145997363,0.44746215721,0.431151846764,0.0,0.0,0.4,2.0
0.37,0.32,0.24,0.21,0.18,0.234214958296,0.205679744078,0.191234746531,0.173848579299,0.171403512364,1.03950926284,0.979732582688,1.0975642725,1.05307847466,1.15118404079,0.45778342865,0.465606679545,0.41968057887,0.435498784516,0.451321061217,1.0,0.0,0.4,0.0
0.01,0.06,0.88,1.63,2.91,0.00620686443946,0.0305865724123,0.488844755138,0.914331963458,1.09476968176,0.206346371968,0.238898626902,0.321116974456,0.373047460723,0.500951140546,0.460269060566,0.467810128745,0.511596094163,0.506713176674,0.573860063488,0.0,0.0,0.4,0.0
0.22,0.26,0.32,0.35,0.39,0.371869559926,0.509586156081,0.781505561387,0.97209453987,1.22448433808,0.835492166294,0.880855430564,0.793800324152,0.865460550536,0.706682939638,0.645968591097,0.702110237066,0.805963423544,0.857172008289,0.897088856257,1.0,1.0,0.2,0.0
-1.3,0.01,0.02,-0.45,0.36,-2.81683619093,0.0152663718678,0.0241081445835,-0.452235427075,0.33126417506,2.16008660741,2.05577418859,2.0061093424,2.04253528414,2.46646759442,0.656974638618,0.516713333675,0.422747114319,0.427855127302,0.442481708442,0.0,0.0,0.2,1.0
-0.27,0.02,0.02,0.01,-0.12,-1.14743312843,0.089621298925,0.0779921795308,0.0386257219243,-0.481868823001,1.51868416681,1.22674626517,1.06160036269,1.08714790033,1.02490566038,0.497690646287,0.670576043088,0.641696418452,0.371272211636,0.356341419587,1.0,0.0,0.2,0.0
0.27,0.29,0.28,0.26,0.39,0.230364087971,0.216447029375,0.24682320095,0.241613071441,0.337600927556,1.28271608374,1.22768043388,1.34956811323,1.22045112448,1.14978487414,0.560509709244,0.487947556995,0.547482424882,0.543823574009,0.499430754617,0.0,1.0,0.2,0.0
0.54,-0.65,0.03,-0.52,0.05,0.231287063956,-0.267225898811,0.0134072296565,-0.264060006652,0.0260042049353,0.714322888626,0.672126650239,0.704848805732,0.792105575974,0.802986711197,0.130351467005,0.154505911252,0.160008240749,0.17909180744,0.203939360407,1.0,0.0,0.4,0.0
0.08,0.1,0.09,0.09,0.08,0.442959357861,0.619077753168,0.627973798239,0.726195397547,0.665390827231,1.38871172774,1.33456010924,1.23502129586,1.13894277144,0.656939312817,0.70071550503,0.7481639994,0.761467889908,0.801422499232,0.760592048497,1.0,1.0,0.2,0.0
0.25,0.31,-0.32,0.14,0.25,0.531098512169,0.686056526171,-0.696683788605,0.293354155677,0.521677512889,0.392476139356,0.364629837944,0.331732897763,0.334343992325,0.273320735968,0.377916533875,0.352695363307,0.279748114079,0.350072892049,0.316134129356,0.0,0.0,0.2,1.0
-0.14,0.15,0.33,0.33,0.32,-0.176502677907,0.187094456715,0.365891887407,0.341440689064,0.428559870324,0.893195456292,0.807229529538,0.780660790515,0.676112247768,0.751867155089,0.327615628334,0.361532523712,0.414884151907,0.39804118156,0.412983737546,0.0,0.0,0.2,0.0
0.1,0.08,0.07,0.08,-0.16,0.191462796663,0.232001953701,0.221636659107,0.251898534155,-0.540209013464,0.61809832777,0.796823552198,0.858387579533,0.944266287425,0.798858346051,0.849462702629,0.847114502017,0.90764527117,0.90183393287,0.907402399212,0.0,1.0,0.2,0.0
0.35,0.01,0.01,0.05,0.11,0.438926284682,0.0496005847648,0.0609787607876,0.279353993889,0.70570924073,0.353940239698,0.370542473764,0.453051521885,0.47724792667,0.386050618011,0.748095550813,0.755912911815,0.741305358896,0.777062418158,0.797527957622,0.0,1.0,0.2,0.0
-0.21,0.02,0.08,0.11,0.36,-0.379414732593,0.0326851882734,0.137304001479,0.168303172929,0.521582192811,0.37647922209,0.551412467065,0.735794833874,0.673472368741,0.616273123778,0.807870837538,0.768785645199,0.771490513083,0.731769861235,0.662535719657,0.0,0.0,0.0,2.0
0.41,0.53,0.77,0.71,0.64,0.308882369748,0.409676253037,0.388110080547,0.379547967396,0.313185892456,1.10698844661,1.19474602483,1.12788128483,1.32162968296,0.986835552212,0.627978486138,0.634339277086,0.490135923882,0.560990974776,0.491940672097,0.0,0.0,0.2,0.0
-0.41,0.02,-0.09,0.28,0.72,-0.335445132618,0.024782745149,-0.238000743093,0.899530625142,1.30143954289,0.182650316397,0.0715097376245,0.178616665541,0.283511097604,0.164527470442,0.237372128729,0.338172384632,0.600988819834,0.868251831913,0.832926578569,0.0,0.0,0.2,0.0
0.15,1.04,0.14,0.81,0.64,0.0361525659807,0.251406024468,0.0403839532939,0.213447836864,0.281802146914,0.579804438339,0.579396007084,0.726751644004,0.696472654577,0.796274722544,0.282734400989,0.309272997108,0.283989051934,0.329685537963,0.304190179475,1.0,0.0,0.4,0.0
0.28,0.19,0.29,0.3,0.68,0.483718704782,0.362757322514,0.567627737857,0.612053235175,0.939913250888,1.06582997531,1.17145881056,1.08465281062,0.964371480166,1.13621755764,0.571284486163,0.594834369502,0.604489142555,0.635086776612,0.465980296458,0.0,0.0,0.4,0.0
-0.31,0.07,-0.46,0.06,-0.31,-3.10346579937,0.446337999594,-2.77171948428,0.237272863793,-1.36831661338,0.0755158044517,0.073104754176,0.123508856489,0.0820157466801,0.144813140778,0.429667649151,0.720396294042,0.666224846367,0.809838457083,0.649762980928,0.0,0.0,0.0,1.0
0.01,0.27,0.21,0.02,0.29,0.0133950462249,0.436294836064,0.336670323642,0.0404799768686,0.461035724176,0.610539031012,0.757573697687,0.762810842933,0.726121632692,0.831847133758,0.501584681808,0.487843563773,0.444345401353,0.41879909402,0.387028523955,0.0,0.0,0.0,1.0
-0.17,0.02,-0.13,0.02,0.14,-1.65198805109,0.201279968167,-1.63893564677,0.181028451493,1.46302654719,0.0302327976926,0.131611234539,0.167130648712,0.0773670708955,0.0183401725149,0.538962711166,0.907815764168,0.863524537097,0.925227378731,0.880495770873,0.0,0.0,0.0,2.0
0.04,0.03,0.03,0.02,2.12,0.012049063553,0.00853330470232,0.00774886922166,0.00592280602138,0.452731401331,0.540870482015,0.546943893184,0.435029239537,0.535113070048,0.576866309002,0.378803077002,0.37832200741,0.388161515125,0.433923240698,0.391675696732,0.0,0.0,0.4,0.0
0.14,0.02,0.12,-0.84,0.02,0.159833925311,0.0256271146089,0.184432307488,-0.797832396521,0.0148059608258,0.374069903963,0.433430164682,0.429421977438,0.137214862798,0.238973613555,0.387770880633,0.434240526323,0.485780839291,0.379245376123,0.355821575659,0.0,0.0,0.4,0.0
0.15,-0.75,0.1,-0.5,0.32,0.318556663906,-1.24855772494,0.122081852652,-0.51995789011,0.290750309473,0.54256905182,0.709101604036,0.987052182341,1.04623580829,1.43343413006,0.47329756203,0.355336983326,0.375065886794,0.351518330917,0.355788831887,0.0,0.0,0.2,1.0
0.02,-0.08,0.18,0.01,0.01,0.0790647384782,-0.28519985596,0.596691693843,0.0382055256679,0.0391591284584,0.644825314232,0.816609650702,0.827573712196,0.711561958603,0.84097194965,0.651701243411,0.673451566439,0.65095094842,0.589532233063,0.594698456455,0.0,0.0,0.2,0.0
0.06,0.11,0.27,0.58,0.59,0.0688725244975,0.0777689885867,0.100071637255,0.232067604713,0.220015236077,0.123169456425,0.151835386511,0.206726509292,0.181314973021,0.140739850807,0.296752728198,0.262009431685,0.281850908403,0.401982398776,0.252533885254,0.0,0.0,0.4,0.0
0.09,0.12,0.16,0.09,0.09,0.19908450379,0.282994272604,0.375653487148,0.223749088759,0.222465802454,0.218459256826,0.316046862007,0.271445539752,0.301194514761,0.421345644077,0.467518871846,0.494987499623,0.503680472688,0.467760729681,0.438279441207,0.0,0.0,0.2,0.0
0.07,0.16,0.28,-0.12,0.33,0.204148008162,0.436755662541,0.685394299792,-0.300072685162,0.96010900165,0.229010037933,0.40534241604,0.202302685669,0.0878689695954,0.116739935376,0.737134190597,0.710781718722,0.598288681801,0.545788572414,0.649090266125,0.0,0.0,0.2,0.0
0.09,0.09,0.18,0.43,2.13,0.175979045245,0.181437185245,0.2642330853,0.907860344947,2.552743726,1.0351370696,1.09000186439,1.01455793215,1.18804171201,1.20012510011,0.792382145817,0.813127067432,0.779346930184,0.8805618279,0.839654104044,0.0,0.0,0.2,0.0
0.02,0.25,0.72,0.59,0.45,0.0177203907009,0.213433741449,0.660268025905,0.634429521124,0.723781342663,0.287288726955,0.303643118969,0.325936679723,0.312595582651,0.432500837459,0.397064594198,0.368655711543,0.386246945176,0.369773514633,0.448552127145,0.0,1.0,0.2,1.0
0.33,0.33,0.25,0.04,0.06,0.226153938109,0.185990253989,0.144574203689,0.0245588764854,0.0530665276284,0.244401424981,0.319984114815,0.219362409956,0.215221061897,0.1568503023,0.282253716957,0.169620817434,0.164178835352,0.148997719361,0.21880941687,0.0,1.0,0.4,0.0
0.01,-0.78,-1.07,0.03,-0.42,0.0194404644186,-2.52409933921,-2.95261118528,0.063431395043,-0.735205723814,0.228375005886,0.481491977383,0.538914368117,0.41046855851,0.512930449451,0.519749897416,0.047744355829,0.253602261382,0.402054875012,0.364151510451,0.0,0.0,0.2,0.0
0.07,-0.39,0.04,0.15,0.01,0.117497100175,-0.449683438854,0.0432192272855,0.166648281513,0.00986055078934,0.27447006488,0.559467677441,0.688657588156,0.725613407504,0.839393150671,0.263140988872,0.385009163612,0.424489333791,0.428814000032,0.523400038041,0.0,0.0,0.2,0.0
0.13,0.17,0.27,0.55,0.55,0.0950600847286,0.137502820811,0.235275690286,0.409482889044,0.409808171343,0.79520786397,0.971001055697,1.05303153402,1.23977457714,1.83652443242,0.438606356145,0.448076185382,0.470082716181,0.454655511513,0.323316187465,0.0,1.0,0.4,0.0
0.84,0.77,0.66,0.52,0.39,0.54670691123,0.56268362656,0.511539894431,0.490049076097,0.450191413502,0.234573175451,0.22864401507,0.214682242543,0.219685610426,0.222461375001,0.361402368238,0.342473471363,0.320988701711,0.340516033156,0.358822272974,1.0,1.0,0.2,0.0
0.01,0.01,0.01,-0.14,0.24,0.0077852523869,0.0116410006695,0.0107269417026,-0.161198056288,0.208580676807,0.241589304169,0.326923355623,0.401793797051,0.454151251453,0.551731876291,0.19153833559,0.196236185143,0.227488145678,0.261187624484,0.305337169005,0.0,0.0,0.4,0.0
                                                                                                                                                                                                                                                                                                                                                                                                                                                                                                                                                                                                                                        0.031,0.048,0.058,0.069,0.117,0.131542666064,0.151350765864,0.169274460761,0.193341899881,0.198825176563,0.882070952759,0.970921313405,1.0674373701,1.12574770481,1.21383430264,0.167387047491,0.163755497869,0.148296370332,0.154973103352,0.167029907646,1.0,1.0,0.6,0.0
0.008,0.006,0.006,0.005,0.005,0.247314791978,0.208488258053,0.191758059156,0.161333951619,0.15936992124,0.236583631958,0.252136613965,0.27798034468,0.326981412783,0.300417552194,0.895188629516,0.888103936974,0.850434411053,0.849544014221,0.864443055382,0.0,0.0,0.2,0.0
0.04,0.042,0.039,0.032,0.044,0.362428337104,0.450044279849,0.461695063135,0.44474947097,0.410715911553,0.239572949795,0.33452620562,0.342896990555,0.326467636859,0.3199672231,0.596164090231,0.484896546172,0.487413824633,0.526173355586,0.586662564322,1.0,1.0,0.2,0.0
0.008,0.036,0.009,0.01,0.019,0.137240246537,0.58412789705,0.185681513617,0.220369567927,0.443504645715,0.347591991403,0.436631109753,0.288791537011,0.227691476669,0.312534783907,0.370557752904,0.361002273606,0.445468121834,0.457769177346,0.538123162545,0.0,0.0,0.2,1.0
0.002,0.011,0.01,0.006,0.01,0.0332621635395,0.130993630388,0.138268217152,0.168148705963,0.300276074286,0.327150998764,0.291670331543,0.496666006406,0.578773737665,0.677500307957,0.323770822161,0.332184582311,0.219872553614,0.41916220234,0.496566582693,0.0,1.0,0.4,0.0
0.113,0.054,0.037,0.031,0.061,0.408181823089,0.245555916053,0.16595415187,0.148105574243,0.183280347636,0.292928848351,0.324352281201,0.270911975605,0.275656354879,0.31593207798,0.406643848955,0.211842300673,0.196998857515,0.205963331743,0.218870432727,1.0,0.0,0.4,0.0
0.196,0.142,0.061,0.072,0.079,0.659577460029,0.664043044097,0.28122209575,0.320619401545,0.360232385049,0.219191101385,0.333934854312,0.313714458634,0.215253830044,0.23582324905,0.307326281344,0.351587402244,0.294137297029,0.2868346285,0.273588476226,0.0,0.0,0.4,0.0
0.005,0.007,-0.121,-0.014,0.007,0.0685073636648,0.113221380442,-1.92364134845,-0.180736540778,0.0938684454409,0.368665480063,0.259470027581,0.295389959497,0.343512715939,0.422438526296,0.511122217254,0.602202981531,0.584053562241,0.621304309382,0.642056837163,0.0,0.0,0.2,0.0
-0.069,-0.078,0.003,0.004,-0.096,-2.65928500497,-1.95525546839,0.0462468249102,0.102596414475,-2.82297480766,0.860446871897,0.690656589876,0.71908119471,0.974689714204,1.17512445316,-0.279612711023,0.0039322502062,0.137290882018,0.179032526511,0.209699803892,0.0,0.0,0.2,0.0
0.045,0.057,0.054,0.054,-0.001,0.372763350154,0.629241587557,0.710690448358,1.88499459385,-0.205710232311,0.819948597593,1.04401924418,0.979027866812,2.60741457538,0.0,0.360281527565,0.270179659909,0.263415664241,0.614647464539,0.969675474375,1.0,1.0,0.4,0.0
0.06,0.062,0.083,0.054,0.023,0.707013871172,0.661833119189,0.741340146154,0.467757350874,0.209493314683,1.107736612,1.26212553721,1.21966100272,1.09444589256,1.31613874424,0.661000304054,0.641613868969,0.514959002418,0.403985035036,0.350100812511,0.0,0.0,0.2,2.0
0.038,0.036,0.039,0.023,0.043,0.614248146183,0.619916914632,0.703138884582,0.481485341632,0.667453207724,0.858932743423,0.892201906585,0.828144714138,0.907188481753,0.871059636808,0.54236633898,0.542093539595,0.573398826022,0.629184223456,0.628242258598,1.0,0.0,0.2,1.0
0.011,0.03,-0.079,0.001,0.011,0.113393054315,0.211273138422,-0.659032826832,0.0101001993284,0.0800712665348,0.659357567378,0.627172082569,0.690575905858,0.631111958368,0.677304854342,0.542354370097,0.342781700364,0.371911959903,0.342005458121,0.345587448251,0.0,0.0,0.2,0.0
0.237,0.054,0.061,0.056,0.044,0.665014282499,0.169104194881,0.225097004768,0.252108289599,0.220551776636,0.123464049244,0.0791791675037,0.138055922986,0.127373639908,0.116552426113,0.192200513859,0.179432100205,0.191563759618,0.202515042401,0.175385147215,0.0,1.0,0.4,0.0
-0.048,0.002,-0.031,0.003,-0.043,-2.26445427137,0.0905449386631,-1.25200192031,0.129960127082,-1.55678630902,0.791029289299,0.760524379234,0.828274603937,0.903654662146,0.936869808819,0.00534394998063,0.211910054395,0.212739318291,0.317057222258,0.289729388742,0.0,0.0,0.2,0.0
-0.008,0.01,0.01,0.017,0.016,-0.289943128149,0.381212019677,0.401924598315,0.360090605952,0.354675289679,0.116769324622,0.182744685928,0.165938889217,0.173332490789,0.164548639181,0.665757340208,0.716593815522,0.749647372822,0.630518262155,0.647728375101,0.0,0.0,0.2,0.0
0.017,0.046,0.026,0.112,0.175,0.0618077006825,0.174184353248,0.101130887733,0.454722024231,0.884351257736,0.496234771896,0.487456762181,0.46719835277,0.49194371582,0.500166916007,0.309218495123,0.332782121048,0.33856186199,0.395620733052,0.439625788159,0.0,0.0,0.6,0.0
0.006,0.011,0.01,0.008,0.016,0.107521059366,0.181082262335,0.138135928468,0.128018569812,0.319053086733,0.150410357743,0.174414781128,0.164722786043,0.113982951664,0.15140621157,0.501092954442,0.487985659708,0.506745166046,0.401609253696,0.506773952239,0.0,1.0,0.4,0.0
0.03,0.003,0.001,0.001,0.008,0.541499163708,0.0487688875636,0.02997002997,0.026539964017,0.172910141862,0.0120198656064,0.104551133726,0.0971735687893,0.0876067314096,0.078690836124,0.844016843217,0.726165716076,0.729362340716,0.836013836566,0.789800742076,0.0,0.0,0.2,0.0
0.009,0.018,0.019,0.014,0.01,0.0867538993166,0.183951634284,0.186931613527,0.149625391806,0.119140415242,0.38696269175,0.487160549938,0.528714115572,0.596680663245,0.636304741712,0.418770311174,0.454183710184,0.485772427193,0.389075821197,0.411129703344,0.0,1.0,0.2,0.0
0.015,-0.094,0.025,0.034,-0.016,1.59603223807,-4.80262443766,0.679399638218,1.02757376627,-0.40090867998,0.0460012399256,0.0617997177765,0.0809363948959,0.0960480055957,0.19784652117,0.952238065716,0.404725435095,0.588163877255,0.492563550352,0.490814682599,0.0,0.0,0.0,0.0
0.064,0.068,0.059,0.06,0.116,0.627898395576,0.678538797847,0.63478729133,0.779468501909,1.63595397995,0.964428885103,0.942972176591,0.980008077544,1.03315133772,1.03124603166,0.76434278738,0.740384952413,0.763809908454,0.725092465514,0.748917890276,1.0,1.0,0.2,0.0
0.107,0.092,0.09,0.08,0.061,0.643973453558,0.597932210182,0.687717365011,0.613130284305,0.522910328108,0.330054424237,0.340316807542,0.339146583958,0.28779314341,0.290951162855,0.54106581037,0.540605858908,0.599300971427,0.600014348923,0.510112683158,1.0,1.0,0.4,0.0
0.064,0.061,0.062,0.054,0.047,1.15377217573,1.16088828069,1.18619447936,0.853284400495,0.908235211323,0.67014384809,0.705137754528,0.762413182741,0.635318165595,0.543137763742,0.750498250496,0.716059380386,0.646977215498,0.482838056578,0.528460147876,0.0,1.0,0.2,0.0
0.003,0.026,0.021,0.027,0.006,0.0206167929723,0.155421454663,0.139576391661,0.199475859169,0.0488625693387,0.62362101637,0.571733116786,0.709915735754,0.730261161023,0.891456842338,0.314517005955,0.305840979447,0.22502275897,0.27748402953,0.139245500383,1.0,1.0,0.4,0.0
0.009,0.016,0.024,0.101,0.066,0.157338062337,0.275008850217,0.419642211384,1.88728728931,1.56109176567,0.521922497107,0.644367225007,0.654264501948,0.771471129178,0.753004233238,0.678097442048,0.689186587418,0.683883160539,0.742595263793,0.742583299194,0.0,0.0,0.2,0.0
